{"werewolves": 0.002549596130847931, "films": 0.0024332357570528984, "trans": 0.002292038251956304, "offs": 0.0021702442318201065, "girls": 0.0021096057155066067, "episodes": 0.0018233663868159056, "scenes": 0.00182272307574749, "hated": 0.0018078489229083061, "played": 0.0016596708446741104, "wider": 0.0015357602387666702, "staying": 0.00149476807564497, "strings": 0.0014928048476576805, "including": 0.0014204752038825643, "credits": 0.0013960925862193108, "sean": 0.0012842556461691856, "legends": 0.0012660007923841476, "pulling": 0.0012586687225848436, "swallowing": 0.001243180533250173, "cares": 0.0012420490384101868, "movies": 0.0012291702441871166, "derek": 0.0011389993855522738, "parisian": 0.001079084351658821, "dozens": 0.0010772463865578175, "sites": 0.0010421504266560078, "salman kahn": 0.0010043897200375795, "guests": 0.0009899267461150885, "br br fake fake fake": 0.000987211816633741, "holes": 0.0009550008135626004, "things": 0.0009479853324592113, "else hour": 0.0009468145047624906, "ends": 0.0009410751776562796, "started": 0.0009251543475935856, "supporters": 0.0009104866120550367, "blew": 0.0009061482269316912, "stronger": 0.0009025204926729202, "changing": 0.0008929597834746042, "thumbs": 0.00087764672935009, "asian": 0.0008769259374174806, "viewers": 0.0008696401491761208, "taylor": 0.0008564614690840244, "wants": 0.0008452609181404114, "bulls": 0.0008386345580220222, "displays": 0.0008383029450972875, "discouraged": 0.0008381949737668037, "fries": 0.0008379143973191579, "parts": 0.000836661085486412, "pillows": 0.0008247848600149155, "critics": 0.0008237988555005618, "laughed": 0.0008219808805733919, "seemed": 0.0008143116720020771, "bends": 0.0008058116017352967, "br br chase": 0.0007689740767495499, "cars": 0.0007609778610392919, "awards": 0.0007582971826195717, "forgiven": 0.0007517677731812, "problems": 0.0007487010633096446, "yards": 0.0007450613503654798, "pretending": 0.0007390128448605537, "br br way sally": 0.0007367720827460289, "purchased": 0.0007297853007912636, "captured": 0.0007109888829290867, "researchers": 0.0007081903302325652, "oscar": 0.0007059458195679373, "numbers": 0.0007057869669926517, "looked": 0.0006959553843793961, "indian": 0.0006874571554362774, "sleeps": 0.0006872426408032576, "sets": 0.0006844175906924459, "families": 0.0006825403310358524, "finds": 0.0006778721387187641, "expectations": 0.0006622627843171358, "ruins": 0.0006605200469493866, "statements": 0.0006596790626645088, "wins": 0.0006587137468159199, "follows": 0.0006586002806822459, "strangers": 0.0006580372256311504, "loved": 0.0006567030213773251, "clues": 0.0006532039338101943, "kristina": 0.0006451263935083435, "hosted": 0.0006438068202918484, "gets": 0.000636453806821789, "sucked": 0.0006337354166640176, "passengers": 0.0006323144771158695, "juliet": 0.0006292955949902534, "makes": 0.0006259221117943525, "allowed": 0.0006243996322154999, "julie": 0.0006229763384908438, "kidd": 0.0006218652551372847, "pointe": 0.0006176671013236046, "introduced": 0.0006155949085950851, "textbooks": 0.0006113431882113218, "diane": 0.0006051352247595787, "teams": 0.0006010099314153194, "robots": 0.0005926198791712523, "joel": 0.0005926198791712523, "decides": 0.0005888501847428934, "sci fi channel": 0.0005789727593461672, "plays": 0.0005782600492238998, "shakespeare": 0.0005779899432896995, "kamal": 0.0005718264043395653}